date,site,sample,water_depth,species_code,p_cover,height
16/1/06,HOWS,2,0,GF,20,35
16/1/06,HOWS,1,0,GG,20,38
16/1/06,HOWS,2,0,GG,5,52
16/1/06,HOWS,3,0,GG,70,46
16/1/06,HOWS,1,0,GK,40,4
16/1/06,HOWS,2,0,GK,10,2
16/1/06,HOWS,2,0,GM,5,26
16/1/06,HOWS,2,0,GN,5,13
16/1/06,HOWS,1,0,GR,2,28
16/1/06,HOWS,3,0,GR,5,19
16/1/06,HOWS,1,0,GT,30,2
16/1/06,HOWS,3,0,GV,5,18
16/1/06,HOWS,1,0,GZ,10,1
16/1/06,HOWS,2,0,GZ,10,1
16/1/06,HOWS,1,0,HA,40,46
16/1/06,HOWS,2,0,HA,50,73
16/1/06,HOWS,2,0,HB,2,11
16/1/06,HOWS,3,0,HC,20,47
25/8/15,ELIN,1,5,A,30,
25/8/15,ELIN,3,2,A,40,
25/8/15,PURR,1,0,KM,2,
25/8/15,PURR,2,58,KM,10,
25/8/15,PURR,5,14,KM,2,
25/8/15,ELIN,1,5,B,5,
25/8/15,PURR,1,0,B,20,2
25/8/15,PURR,3,0,B,2,11
25/8/15,PURR,4,5,B,2,
25/8/15,ELIN,4,10,bare,25,
25/8/15,PURR,2,58,bare,75,
25/8/15,ELIN,1,5,C,30,
25/8/15,ELIN,3,2,C,40,
25/8/15,ELIN,4,10,C,30,
25/8/15,ELIN,5,3,ID,5,5
25/8/15,ELIN,2,2,D,5,38
25/8/15,ELIN,2,2,E,80,
25/8/15,ELIN,2,2,F,10,41
25/8/15,ELIN,4,10,F,1,27
25/8/15,ELIN,2,2,G,15,
25/8/15,ELIN,3,2,G,3,18
25/8/15,ELIN,4,10,G,40,
25/8/15,ELIN,5,3,G,80,41
25/8/15,ELIN,3,2,H,10,53
25/8/15,ELIN,5,3,H,1,28
25/8/15,PURR,1,0,J,2,7
25/8/15,PURR,1,0,K,2,5
25/8/15,PURR,2,58,L,15,139
25/8/15,PURR,2,58,M,1,
25/8/15,PURR,1,0,N,50,160
25/8/15,PURR,3,0,N,100,178
25/8/15,PURR,5,14,N,25,214
25/8/15,PURR,4,5,O,1,
25/8/15,PURR,1,0,ZA,2,4
25/8/15,ELIN,1,5,CS,40,58
25/8/15,ELIN,2,2,CS,65,67
25/8/15,ELIN,3,2,CS,25,76
25/8/15,ELIN,4,10,CS,20,32
25/8/15,ELIN,5,3,CS,60,49
25/8/15,PURR,1,0,CS,25,22
25/8/15,PURR,4,5,CS,45,52
25/8/15,PURR,5,14,CS,10,34
25/8/15,PURR,5,14,CS,100,
26/8/15,BEAC,1,0,AA,5,
26/8/15,DERE,1B,0,bare,15,
26/8/15,DERE,2B,0,bare,15,
26/8/15,DERE,3B,0,bare,30,
26/8/15,DERE,5B,0,bare,10,
26/8/15,CORN,3,0,bare,5,
26/8/15,CORN,4,0,bare,10,
26/8/15,CORN,5,0,bare,5,
26/8/15,BEAC,1,0,bare,20,
26/8/15,BEAC,3,0,bare,75,
26/8/15,BEAC,4,0,bare,60,
26/8/15,BEAC,5,0,bare,30,
26/8/15,DERE,1A,8,P,100,84
26/8/15,DERE,2A,5,P,100,91
26/8/15,DERE,3A,4,P,90,63
26/8/15,DERE,4A,7,P,100,70
26/8/15,DERE,5A,5,P,100,89
26/8/15,DERE,2A,5,Q,5,120
26/8/15,DERE,3A,4,Q,10,100
26/8/15,DERE,4A,7,Q,2,87
26/8/15,DERE,5A,5,Q,1,100
26/8/15,DERE,2A,5,R,10,2
26/8/15,DERE,2B,0,R,2,
26/8/15,DERE,3B,0,R,3,
26/8/15,DERE,4B,0,R,1,5
26/8/15,DERE,5B,0,R,1,
26/8/15,DERE,3A,4,S,1,68
26/8/15,DERE,1B,0,S,80,83
26/8/15,DERE,2B,0,S,60,118
26/8/15,DERE,3B,0,S,40,59
26/8/15,DERE,4B,0,S,70,69
26/8/15,DERE,5B,0,S,75,73
26/8/15,DERE,1B,0,T,2,
26/8/15,DERE,4B,0,T,1,
26/8/15,DERE,2B,0,U,1,5
26/8/15,DERE,3B,0,U,5,4
26/8/15,DERE,2B,0,V,30,
26/8/15,DERE,3B,0,V,1,
26/8/15,DERE,3B,0,W,10,5
26/8/15,DERE,4B,0,W,1,
26/8/15,DERE,5B,0,W,15,
26/8/15,CORN,1,0,X,65,44
26/8/15,CORN,2,0,X,30,36
26/8/15,CORN,3,0,X,85,34
26/8/15,CORN,4,0,X,90,18
26/8/15,CORN,5,0,X,95,37
26/8/15,BEAC,1,0,X,15,3
26/8/15,BEAC,2,0,X,15,7
26/8/15,BEAC,3,0,X,20,4
26/8/15,BEAC,4,0,X,25,5
26/8/15,BEAC,5,0,X,2,2
26/8/15,CORN,1,0,Y,5,12
26/8/15,CORN,2,0,Y,1,5
26/8/15,BEAC,1,0,Y,30,8
26/8/15,BEAC,2,0,Y,90,5
26/8/15,BEAC,3,0,Y,5,8
26/8/15,BEAC,4,0,Y,10,9
26/8/15,BEAC,5,0,Y,2,3
26/8/15,CORN,1,0,Y,40,
26/8/15,CORN,2,0,Y,70,
26/8/15,CORN,3,0,Z,10,6
26/8/15,BEAC,1,0,Z,25,5
26/8/15,BEAC,3,0,Z,5,6
26/8/15,BEAC,4,0,Z,5,4
26/8/15,BEAC,5,0,Z,70,9
27/8/15,LONG,1A,19,AB,50,105
27/8/15,LONG,2A,20,AB,50,118
27/8/15,LONG,3A,7,AB,25,71
27/8/15,LONG,4A,8,AB,50,115
27/8/15,LONG,5A,6,AB,40,77
27/8/15,LONG,1B,4,AB,50,78
27/8/15,LONG,2B,4,AB,45,81
27/8/15,LONG,3B,6,AB,45,84
27/8/15,LONG,4B,6,AB,50,79
27/8/15,LONG,5B,5,AB,45,70
27/8/15,LONG,1B,4,AC,20,105
27/8/15,LONG,2B,4,AC,10,78
27/8/15,LONG,3B,6,AC,50,176
27/8/15,LONG,4B,6,AC,50,128
27/8/15,LONG,5B,5,AC,90,148
27/8/15,LONG,1B,4,AC,40,208
27/8/15,LONG,2B,4,AC,50,235
27/8/15,LONG,1A,19,AD,50,100
27/8/15,LONG,2A,20,AD,50,100
27/8/15,LONG,3A,7,AD,25,75
27/8/15,LONG,4A,8,AD,50,115
27/8/15,LONG,5A,6,AD,40,77
27/8/15,LONG,1B,4,AD,50,78
27/8/15,LONG,2B,4,AD,45,81
27/8/15,LONG,3B,6,AD,45,84
27/8/15,LONG,4B,6,AD,45,79
27/8/15,LONG,5B,5,AD,45,70
27/8/15,LONG,3A,7,AE,5,38
27/8/15,LONG,5A,6,AE,5,53
27/8/15,LONG,3B,6,AE,5,40
27/8/15,LONG,4B,6,AE,1,48
27/8/15,MUND,1,0,AF,100,160
27/8/15,MUND,2,0,AF,45,122
27/8/15,MUND,3,0,AF,100,110
27/8/15,MUND,4,0,AF,100,122
27/8/15,MUND,1,0,AH,75,28
27/8/15,MUND,2,0,AH,70,42
27/8/15,MUND,5,0,AH,90,30
27/8/15,MUND,2,0,AI,5,3
27/8/15,MUND,5,0,AI,75,3
27/8/15,CLNG,2,0,bare,30,
27/8/15,CLNG,3,0,bare,40,
27/8/15,CLNG,4,0,bare,40,
27/8/15,CLNG,5,0,bare,5,
27/8/15,LONG,3A,7,bare,50,
27/8/15,LONG,5A,6,bare,15,
27/8/15,CLNG,1,0,ZB,80,9
27/8/15,CLNG,2,0,ZB,60,8
27/8/15,CLNG,3,0,ZB,50,5
27/8/15,CLNG,4,0,ZB,45,3
27/8/15,CLNG,5,0,ZB,80,7
27/8/15,CLNG,1,0,Y,40,7
27/8/15,CLNG,2,0,Y,10,12
27/8/15,CLNG,3,0,Y,10,4
27/8/15,CLNG,4,0,Y,15,6
27/8/15,CLNG,5,0,Y,15,9
28/8/15,MCAL,1,9,AJ,25,170
28/8/15,MCAL,2,4,AJ,30,163
28/8/15,MCAL,3,2,AJ,15,151
28/8/15,MCAL,4,3,AJ,45,190
28/8/15,MCAL,5,1,AJ,5,131
28/8/15,MCAL,1,9,AK,90,100
28/8/15,MCAL,2,4,AK,80,121
28/8/15,MCAL,3,2,AK,100,102
28/8/15,MCAL,4,3,AK,70,71
28/8/15,MCAL,5,1,AK,100,104
28/8/15,BRYN,1,0,AK,70,120
28/8/15,BRYN,2,0,AK,60,120
28/8/15,BRYN,3,0,AK,80,120
28/8/15,BRYN,4,0,AK,80,120
28/8/15,BRYN,5,0,AK,70,96
28/8/15,BRYN,5,0,AL,1,17
28/8/15,BRYN,2,0,AM,2,2
28/8/15,BRYN,3,0,AM,10,2
28/8/15,BRYN,4,0,AM,5,2
28/8/15,BRYN,5,0,AM,1,2
28/8/15,BRYN,5,0,AN,20,44
28/8/15,BRYN,3,0,AO,5,25
28/8/15,BRYN,5,0,AO,10,5
28/8/15,BRAD,2A,0,AO,5,27
28/8/15,BRAD,3A,0,AO,5,2
28/8/15,BRAD,4A,0,AO,2,9
28/8/15,BRAD,5A,0,AO,10,7
28/8/15,BRYN,1,0,AP,1,5
28/8/15,BRAD,1A,0,AQ,35,175
28/8/15,BRAD,2A,0,AQ,15,170
28/8/15,BRAD,3A,0,AQ,5,98
28/8/15,BRAD,4A,0,AQ,10,130
28/8/15,BRAD,5A,0,AQ,5,130
28/8/15,BRAD,2A,0,AQ,70,
28/8/15,BRAD,3A,0,AQ,100,
28/8/15,BRAD,1A,0,AR,2,29
28/8/15,BRAD,2A,0,AR,1,30
28/8/15,BRAD,4A,0,AR,5,12
28/8/15,BRAD,1A,0,AR,50,
28/8/15,BRAD,1A,0,AS,30,130
28/8/15,BRAD,5A,0,AS,40,110
28/8/15,BRAD,4A,0,AT,70,2
28/8/15,BRAD,1B,3,AU,40,110
28/8/15,BRAD,2B,1,AU,35,115
28/8/15,BRAD,3B,2,AU,55,118
28/8/15,BUNI,4,0,AV,30,163
28/8/15,BUNI,6,0,AV,5,230
28/8/15,BUNI,4,0,AW,80,
28/8/15,BRYN,1,0,bare,30,
28/8/15,BRYN,2,0,bare,35,
28/8/15,BRYN,3,0,bare,30,
28/8/15,BRYN,4,0,bare,20,
28/8/15,BRYN,5,0,bare,20,
28/8/15,BRAD,1B,3,bare,60,
28/8/15,BRAD,2B,1,bare,65,
28/8/15,BRAD,3B,2,bare,45,
28/8/15,BUNI,1,0,bare,50,
28/8/15,BUNI,2,0,bare,70,
28/8/15,BUNI,3,0,bare,75,
28/8/15,BUNI,6,0,bare,80,
28/8/15,BUNI,1,0,ZB,50,4
28/8/15,BUNI,2,0,ZB,30,3
28/8/15,BUNI,3,0,ZB,25,2
28/8/15,BUNI,4,0,ZB,10,3
28/8/15,BUNI,6,0,ZB,15,3
28/8/15,BRYN,1,0,V,2,4
28/8/15,BRYN,2,0,V,2,5
29/8/15,GHER,1,0,AK,100,65
29/8/15,GHER,2,0,AK,100,78
29/8/15,GHER,3,0,AK,100,76
29/8/15,GHER,4,0,AK,90,80
29/8/15,GHER,5,0,AK,100,85
29/8/15,COLA,1A,0,AV,10,200
29/8/15,COLA,2A,0,AV,40,195
29/8/15,COLA,3A,0,AV,30,175
29/8/15,COLA,4A,0,AV,40,165
29/8/15,COLA,5A,0,AV,220,
29/8/15,COLA,1A,0,AV,5,
29/8/15,COLA,3A,0,AV,30,
29/8/15,COLA,5A,0,AV,,
29/8/15,GNAR,1,0,AX,5,22
29/8/15,GNAR,2,0,AX,2,25
29/8/15,WEER,1,1,AY,40,14
29/8/15,WEER,2,0,AY,1,17
29/8/15,WEER,3,0,AY,1,12
29/8/15,WEER,4,1,AY,5,15
29/8/15,COLA,5A,0,AZ,65,
29/8/15,COLA,1B,0,AZ,60,60
29/8/15,COLA,2B,0,AZ,90,52
29/8/15,COLA,3B,0,AZ,70,75
29/8/15,COLA,4B,0,AZ,80,85
29/8/15,COLA,5B,0,AZ,90,95
29/8/15,WEER,1,1,AZ,60,
29/8/15,WEER,2,0,AZ,5,
29/8/15,WEER,3,0,AZ,5,
29/8/15,WEER,5,0,AZ,10,
29/8/15,COLA,1A,0,AZ,100,
29/8/15,COLA,2A,0,AZ,10,
29/8/15,COLA,4A,0,AZ,100,
29/8/15,WEER,2,0,BA,1,3
29/8/15,GNAR,1,0,bare,50,
29/8/15,GNAR,2,0,bare,55,
29/8/15,GNAR,3,0,bare,60,
29/8/15,GNAR,4,0,bare,85,
29/8/15,GNAR,5,0,bare,70,
29/8/15,COLA,2A,0,bare,50,
29/8/15,COLA,1B,0,bare,40,
29/8/15,COLA,3B,0,bare,30,
29/8/15,COLA,4B,0,bare,20,
29/8/15,COLA,5B,0,bare,10,
29/8/15,WEER,2,0,BB,15,74
29/8/15,WEER,3,0,BB,5,72
29/8/15,WEER,4,1,BB,100,109
29/8/15,COLA,2B,0,BC,1,5
29/8/15,COLA,3B,0,BC,5,10
29/8/15,COLA,5B,0,BC,1,5
29/8/15,COLA,4B,0,ID,1,20
29/8/15,GNAR,1,0,ZB,50,5
29/8/15,GNAR,2,0,ZB,45,3
29/8/15,GNAR,3,0,ZB,20,4
29/8/15,GNAR,4,0,ZB,15,4
29/8/15,GNAR,5,0,ZB,40,6
29/8/15,WEER,2,0,ZB,10,18
29/8/15,WEER,3,0,ZB,30,18
29/8/15,WEER,5,0,ZB,5,15
29/8/15,GNAR,2,0,X,1,7
29/8/15,GNAR,3,0,X,20,10
29/8/15,GNAR,4,0,X,5,7
29/8/15,WEER,1,1,X,15,11
29/8/15,WEER,2,0,X,60,25
29/8/15,WEER,3,0,X,50,21
29/8/15,WEER,4,1,X,5,32
29/8/15,WEER,5,0,X,90,27
4/10/15,GBPT4,1,0,BD,70,8
4/10/15,GBPT4,1,0,BE,30,15
4/10/15,GBPT4,2,0,BE,50,9
4/10/15,GBPT4,1,0,BF,2,5
4/10/15,GBPT4,2,0,BG,5,33
4/10/15,GBPT4,3,0,BG,40,37
4/10/15,GBPT4,4,0,BG,15,41
4/10/15,GBPT4,5,0,BG,30,42
4/10/15,GBPT4,2,0,BH,5,35
4/10/15,GBPT4,3,0,BH,5,22
4/10/15,GBPT4,4,0,BH,5,32
4/10/15,GBPT4,5,0,BH,5,25
4/10/15,GBPT4,2,0,BI,1,25
4/10/15,GBPT4,3,0,BI,1,14
4/10/15,GBPT4,4,0,BI,5,56
4/10/15,GBPT4,5,0,BI,1,24
4/10/15,GBPT4,2,0,BJ,1,26
4/10/15,GBPT4,2,0,BK,80,18
4/10/15,GBPT4,3,0,BK,100,27
4/10/15,GBPT4,4,0,BK,50,29
4/10/15,GBPT4,5,0,BK,80,30
4/10/15,GBPT4,3,0,BL,1,30
4/10/15,GBPT4,4,0,BL,1,44
4/10/15,GBPT4,4,0,BM,30,51
5/10/15,BLAC,1,17,ZC,40,floating
5/10/15,BLAC,2,17,ZC,90,floating
5/10/15,BLAC,3,19,ZC,20,floating
5/10/15,BLAC,4,14,ZC,20,floating
5/10/15,BLAC,5,15,ZC,70,floating
5/10/15,WINT,1,0,BN,100,
5/10/15,WINT,2,0,BO,50,105
5/10/15,ASHM,1,8,BO,45,151
5/10/15,ASHM,2,14,BO,35,149
5/10/15,ASHM,3,13,BO,40,141
5/10/15,ASHM,4,20,BO,15,160
5/10/15,ASHM,5,14,BO,80,146
5/10/15,WINT,2,0,BP,90,31
5/10/15,WINT,2,0,BQ,1,35
5/10/15,WINT,3,0,BR,70,115
5/10/15,ASHM,1,8,BS,95,floating
5/10/15,ASHM,2,14,BS,95,floating
5/10/15,ASHM,3,13,BS,95,floating
5/10/15,ASHM,4,20,BS,100,floating
5/10/15,ASHM,5,14,BS,80,floating
5/10/15,BLAC,3,19,BS,1,floating
5/10/15,ASHM,1,8,BT,1,12
5/10/15,ASHM,2,14,BT,5,18
5/10/15,ASHM,2,14,BU,10,77
5/10/15,ASHM,3,13,BU,5,76
5/10/15,ASHM,4,20,BU,10,55
5/10/15,ASHM,5,14,BU,1,86
5/10/15,BLAC,1,17,BV,10,56
5/10/15,BLAC,2,17,BV,1,38
5/10/15,BLAC,4,14,BV,30,50
5/10/15,BLAC,5,15,BV,15,63
5/10/15,BLAC,1,17,BV,100,
5/10/15,BLAC,2,17,BV,80,
5/10/15,BLAC,4,14,BV,70,
5/10/15,BLAC,5,15,BV,90,
5/10/15,BLAC,2,17,BW,40,130
5/10/15,BLAC,3,19,BW,60,128
5/10/15,BLAC,1,17,BX,15,canopy
5/10/15,BLAC,2,17,BX,10,canopy
5/10/15,BLAC,3,19,BX,20,canopy
5/10/15,BLAC,4,14,BX,30,canopy
5/10/15,BLAC,5,15,BX,40,canopy
5/10/15,BLAC,3,19,BY,2,floating
5/10/15,BLAC,4,14,BY,1,floating
5/10/15,BLAC,5,15,BY,1,floating
5/10/15,BLAC,3,19,BZ,2,floating
5/10/15,BLAC,5,15,BZ,1,floating
5/10/15,WINT,1,0,ZD,30,178
5/10/15,RICH,1,25,CB,60,233
5/10/15,RICH,3,23,CB,15,215
5/10/15,RICH,4,20,CB,10,236
5/10/15,RICH,5,29,CB,30,230
5/10/15,RICH,1,25,CC,5,submerged
5/10/15,RICH,2,24,CC,1,submerged
5/10/15,RICH,1,25,CD,5,submerged
5/10/15,RICH,2,24,CD,40,22
5/10/15,RICH,3,23,CD,40,29
5/10/15,RICH,4,20,CD,40,29
5/10/15,RICH,2,24,CE,5,35
5/10/15,RICH,4,20,CE,15,76
5/10/15,RICH,2,24,CF,5,38
5/10/15,RICH,3,23,CG,40,83
5/10/15,RICH,5,29,CP,60,submerged
6/10/15,LMOD,4,35,bare,60,
6/10/15,LMOD,1,12,BZ,40,floating
6/10/15,LMOD,1,12,CB,100,240
6/10/15,LMOD,2,13,CB,20,170
6/10/15,LMOD,3,8,CB,50,210
6/10/15,LMOD,4,35,CB,40,239
6/10/15,LMOD,5,15,CB,60,235
6/10/15,LMOD,2,13,CH,60,87
6/10/15,LMOD,3,8,CH,50,90
6/10/15,LMOD,5,15,CH,50,109
6/10/15,LMOD,2,13,CI,1,51
6/10/15,LMOD,3,8,CI,1,105
6/10/15,LMOD,4,35,CJ,2,floating
6/10/15,LMOD,5,15,CJ,5,floating
6/10/15,LMOD,1,12,ZE,40,floating
7/10/15,BARA,2,2,BV,5,48
7/10/15,BARA,3,9,BV,2,54
7/10/15,BARA,4,4,BV,30,36
7/10/15,WHYT,2,4,CK,5,102
7/10/15,WHYT,3,2,CK,2,101
7/10/15,BARA,1,0,CL,90,123
7/10/15,BARA,2,2,CL,60,124
7/10/15,BARA,3,9,CL,30,118
7/10/15,BARA,4,4,CL,20,122
7/10/15,BARA,5,3,CL,40,145
7/10/15,BARA,1,0,CM,2,71
7/10/15,BARA,1,0,CN,2,28
7/10/15,BARA,3,9,CN,2,27
7/10/15,BARA,4,4,CN,1,32
7/10/15,BARA,5,3,CN,5,45
7/10/15,BARA,2,2,CO,5,floating
7/10/15,BARA,3,9,CO,1,floating
7/10/15,BARA,4,4,CO,2,floating
7/10/15,BARA,5,3,CO,25,floating
7/10/15,BARA,4,4,CP,5,floating
7/10/15,BARA,4,4,CQ,1,floating
7/10/15,BARA,5,3,CR,30,19
7/10/15,WHYT,1,4.5,CS,15,50
7/10/15,WHYT,2,4,CS,20,56
7/10/15,WHYT,3,2,CS,5,47
7/10/15,WHYT,4,0,CS,2,14
7/10/15,WHYT,1,4.5,CT,25,170
7/10/15,WHYT,2,4,CT,10,145
7/10/15,WHYT,3,2,CT,20,110
7/10/15,WHYT,5,0,CT,60,136
7/10/15,MCLA,2,0,CT,50,103
7/10/15,MCLA,3,0,CT,40,75
7/10/15,MCLA,4,0,CT,40,100
7/10/15,MCLA,5,0,CT,25,105
7/10/15,WHYT,1,4.5,CU,40,50
7/10/15,MCLA,1,5,CU,2,50
7/10/15,MCLA,2,0,CU,15,75
7/10/15,MCLA,5,0,CU,40,58
7/10/15,WHYT,1,4.5,CV,5,14
7/10/15,WHYT,2,4,CV,5,9
7/10/15,WHYT,3,2,CV,30,6
7/10/15,MCLA,1,5,CV,40,16
7/10/15,MCLA,3,0,CV,60,9
7/10/15,WHYT,1,4.5,CW,5,6
7/10/15,WHYT,2,4,CW,5,5
7/10/15,WHYT,4,0,CW,40,14
7/10/15,WHYT,5,0,CW,10,7
7/10/15,WHYT,2,4,CX,40,96
7/10/15,WHYT,3,2,CX,10,100
7/10/15,WHYT,4,0,CX,15,77
7/10/15,WHYT,5,0,CX,5,98
7/10/15,MCLA,4,0,CX,10,115
7/10/15,MCLA,5,0,CX,5,115
7/10/15,WHYT,2,4,CY,2,17
7/10/15,WHYT,4,0,CY,2,24
7/10/15,WHYT,5,0,CZ,10,34
7/10/15,MCLA,3,0,DA,2,60
7/10/15,MCLA,1,5,DB,25,floating
7/10/15,MCLA,1,5,DC,15,28
7/10/15,MCLA,1,5,DD,2,10
7/10/15,MCLA,2,0,DD,10,22
7/10/15,MCLA,4,0,DD,5,16
7/10/15,MCLA,3,0,DE,5,43
7/10/15,MCLA,4,0,DE,25,55
7/10/15,MCLA,5,0,DE,10,60
7/10/15,MCLA,3,0,DF,10,22
7/10/15,MCLA,4,0,DF,2,30
7/10/15,MCLA,3,0,DG,2,28
7/10/15,MCLA,3,0,DH,5,70
7/10/15,MCLA,3,0,DI,2,35
7/10/15,MCLA,4,0,DI,5,120
7/10/15,MCLA,4,0,DJ,2,3
7/10/15,MCLA,5,0,DK,75,18
7/10/15,MCLA,5,0,DL,10,19
7/10/15,WHYT,3,2,FK,2,48
7/10/15,WHYT,4,0,FK,2,18
7/10/15,MCLA,4,0,FK,1,37
7/10/15,BARA,3,9,ZE,1,floating
7/10/15,MCLA,1,5,DR,5,10
7/10/15,BARA,1,0,AZ,10,87
7/10/15,BARA,2,2,AZ,2,56
7/10/15,BARA,3,9,AZ,2,32
7/10/15,BARA,4,4,AZ,2,68
7/10/15,BARA,5,3,AZ,5,18
7/10/15,WHYT,3,2,AZ,5,57
7/10/15,WHYT,4,0,AZ,30,33
7/10/15,BARA,3,9,ZF,15,canopy
7/10/15,WHYT,4,0,ZF,20,canopy
7/10/15,WHYT,5,0,ZF,30,canopy
7/10/15,MCLA,3,0,FK,2,77
7/10/15,BARA,2,2,ZG,2,71
8/10/15,CHAP,2,8.5,KM,5,floating
8/10/15,CHAP,4,14,KM,25,floating 
8/10/15,CHAP,5,3,KM,70,floating
8/10/15,PUZZ,1,0,CT,40,120
8/10/15,PUZZ,2,0,CT,15,108
8/10/15,PUZZ,3,0,CT,30,135
8/10/15,PUZZ,4,0,CT,70,110
8/10/15,LOCH,1,0,CT,30,71
8/10/15,LOCH,2,0,CT,20,79
8/10/15,LOCH,3,0,CT,10,76
8/10/15,LOCH,4,0,CT,70,64
8/10/15,LOCH,5,0,CT,30,90
8/10/15,PUZZ,5,0,CX,20,76
8/10/15,PUZZ,2,0,CY,5,24
8/10/15,CHAP,1,3,DB,40,5
8/10/15,CHAP,2,8.5,DB,10,floating
8/10/15,CHAP,3,2,DB,35,1.5
8/10/15,CHAP,4,14,DB,20,floating
8/10/15,CHAP,5,3,DB,15,floating
8/10/15,CHAP,1,3,DD,5,34
8/10/15,PUZZ,3,0,DH,20,89
8/10/15,PUZZ,5,0,DH,40,130
8/10/15,PUZZ,2,0,DI,5,23
8/10/15,CHAP,1,3,DI,50,58
8/10/15,CHAP,2,8.5,DI,2,35
8/10/15,CHAP,3,2,DI,5,28
8/10/15,CHAP,5,3,DI,10,44
8/10/15,PUZZ,1,0,DM,60,64
8/10/15,PUZZ,2,0,DM,50,44
8/10/15,PUZZ,3,0,DM,15,46
8/10/15,PUZZ,4,0,DM,15,35
8/10/15,PUZZ,5,0,DM,20,47
8/10/15,PUZZ,2,0,DN,15,4
8/10/15,PUZZ,3,0,DO,5,14
8/10/15,PUZZ,3,0,DP,1,31
8/10/15,CHAP,1,3,DQ,2,13
8/10/15,CHAP,2,8.5,DQ,15,14
8/10/15,CHAP,3,2,DQ,2,12
8/10/15,CHAP,4,14,DQ,2,16
8/10/15,CHAP,5,3,DQ,2,7
8/10/15,CHAP,1,3,DR,2,7
8/10/15,CHAP,4,14,DR,1,15
8/10/15,CHAP,5,3,DR,5,6
8/10/15,CHAP,1,3,DS,1,10
8/10/15,CHAP,3,2,DT,5,27
8/10/15,CHAP,3,2,DU,10,49
8/10/15,LOCH,1,0,DU,5,38
8/10/15,LOCH,2,0,DU,40,32
8/10/15,LOCH,3,0,DU,50,28
8/10/15,LOCH,4,0,DU,5,25
8/10/15,LOCH,5,0,DU,20,42
8/10/15,LOCH,1,0,DV,5,23
8/10/15,LOCH,2,0,DV,2,19
8/10/15,LOCH,3,0,DV,5,28
8/10/15,LOCH,4,0,DV,1,24
8/10/15,LOCH,5,0,DV,5,37
8/10/15,LOCH,2,0,DW,15,61
8/10/15,LOCH,3,0,DW,15,69
8/10/15,LOCH,4,0,DW,10,40
8/10/15,LOCH,5,0,DW,15,81
8/10/15,LOCH,2,0,DX,40,3
8/10/15,LOCH,3,0,DX,30,3
8/10/15,CHAP,1,3,KN,10,31
8/10/15,CHAP,3,2,KN,15,32
8/10/15,PUZZ,1,0,AZ,1,57
8/10/15,PUZZ_PHRAG,1,unknown,AZ,100,(unknown)
8/10/15,PUZZ_PHRAG,2,unknown,AZ,100,(unknown)
8/10/15,PUZZ_PHRAG,3,unknown,AZ,100,(unknown)
8/10/15,PUZZ,2,0,ZF,5,canopy
8/10/15,PUZZ,3,0,ZF,20,canopy
8/10/15,PUZZ,4,0,ZF,50,canopy
8/10/15,PUZZ,5,0,ZF,50,canopy
8/10/15,CHAP,1,3,CS,5,41
8/10/15,CHAP,2,8.5,CS,25,55
8/10/15,CHAP,3,2,CS,25,45
8/10/15,CHAP,4,14,CS,30,49
8/10/15,CHAP,5,3,CS,10,46
9/10/15,RESW,3,23,bare,50,
9/10/15,RESW,2,14,bare,50,
9/10/15,RESW,1,10,bare,40,floating
9/10/15,COOP,3,0,bare,60,
9/10/15,COOP,2,0,bare,55,
9/10/15,COOP,1,0,bare,85,
9/10/15,COOP,4,0,bare,50,
9/10/15,COOP,5,0,bare,75,
9/10/15,DOCS,3,17,DP,5,floating
9/10/15,RESW,3,23,DW,1,32
9/10/15,RESW,5,27,DW,1,67
9/10/15,RESW,2,14,DZ,5,floating
9/10/15,RESW,1,10,DZ,1,14
9/10/15,DOCS,3,17,EA,20,submerged
9/10/15,DOCS,2,14,EA,20,11.5
9/10/15,DOCS,1,30,EA,40,submerged
9/10/15,DOCS,4,32,EA,20,submerged
9/10/15,DOCS,5,20,EA,60,19
9/10/15,DOCS,2,14,EB,2,20
9/10/15,DOCS,2,14,EC,1,24
9/10/15,DOCS,5,20,EC,5,32
9/10/15,COOP,3,0,ED,40,36
9/10/15,COOP,2,0,ED,25,35
9/10/15,COOP,1,0,ED,15,33
9/10/15,COOP,4,0,ED,30,34
9/10/15,COOP,5,0,ED,25,33
9/10/15,COOP,2,0,EE,20,22
9/10/15,COOP,4,0,EF,20,42
9/10/15,RESW,3,23,EO,50,242
9/10/15,RESW,2,14,EO,50,212
9/10/15,RESW,1,10,EO,60,227
9/10/15,RESW,5,27,EO,50,266
9/10/15,RESW,4,29,EO,40,205
9/10/15,RESW,5,27,ZH,1,floating
9/10/15,DOCS,3,17,ZF,25,173
9/10/15,DOCS,2,14,ZF,10,155
9/10/15,DOCS,1,30,ZF,40,canopy
9/10/15,DOCS,4,32,ZF,60,canopy
9/10/15,DOCS,5,20,ZF,10,191
20/10/15,KING,1,36,KM,2,floating
20/10/15,KING,3,34,KM,1,floating
20/10/15,COWA,1,5,bare,50,
20/10/15,COWA,2,3,bare,60,
20/10/15,COWA,3,5,bare,60,
20/10/15,COWA,5,7,bare,40,
20/10/15,KING,1,36,bare,50,
20/10/15,KING,2,47,bare,40,
20/10/15,KING,3,34,bare,60,
20/10/15,WAWA,1,2,bare,95,
20/10/15,WAWA,2,1,bare,95,
20/10/15,WAWA,3,0,bare,95,
20/10/15,WAWA,4,0,bare,100,
20/10/15,WAWA,5,0,bare,100,
20/10/15,COWA,1,5,EG,30,140
20/10/15,COWA,4,18,EG,40,145
20/10/15,COWA,1,5,EH,15,104
20/10/15,COWA,1,5,EI,5,24
20/10/15,COWA,2,3,EI,15,27
20/10/15,WAWA,4,0,EI,2,15
20/10/15,WAWA,5,0,EI,2,5
20/10/15,COWA,1,5,EJ,8,19
20/10/15,COWA,3,5,EJ,10,50
20/10/15,COWA,4,18,EJ,5,47
20/10/15,COWA,5,7,EJ,25,59
20/10/15,COWA,1,5,EK,5,122
20/10/15,COWA,2,3,EK,10,125
20/10/15,COWA,3,5,EK,20,139
20/10/15,COWA,4,18,EK,10,129
20/10/15,COWA,5,7,EK,40,210
20/10/15,COWA,2,3,EL,15,33
20/10/15,COWA,2,3,EM,2,38
20/10/15,COWA,3,5,EM,15,40
20/10/15,COWA,4,18,EM,2,27
20/10/15,COWA,3,5,EN,10,22
20/10/15,COWA,4,18,EN,2,10
20/10/15,COWA,5,7,EN,2,6
20/10/15,KING,1,36,EO,50,154
20/10/15,KING,2,47,EO,60,187
20/10/15,KING,3,34,EO,40,151
20/10/15,KING,2,47,EP,2,floating attached
20/10/15,WAWA,1,2,EQ,2,33
20/10/15,WAWA,2,1,EQ,5,26
20/10/15,WAWA,5,0,EQ,2,27
20/10/15,WAWA,3,0,ER,5,18
20/10/15,WAWA,4,0,ES,2,116
20/10/15,COWA,5,7,ZF,30,172
20/10/15,KING,3,34,ZD,5,158
21/10/15,HOLA,4,0,EK,25,153
21/10/15,HOLA,1,17,ET,90,submerged
21/10/15,HOLA,2,11,ET,90,12
21/10/15,HOLA,3,0,ET,50,5
21/10/15,HOLA,4,0,ET,80,4
21/10/15,HOLA,5,16,ET,40,submerged
21/10/15,KRAM,1,20,ET,90,22
21/10/15,KRAM,2,13,ET,100,17
21/10/15,KRAM,3,28,ET,100,30
21/10/15,KRAM,4,24,ET,100,28
21/10/15,KRAM,5,28,ET,100,32
21/10/15,HOLA,2,11,EU,50,canopy
21/10/15,HOLA,3,0,EU,20,canopy
21/10/15,HOLA,4,0,EU,5,canopy
21/10/15,HOLA,5,16,EU,10,canopy
21/10/15,HOLA,2,11,EV,10,submerged
21/10/15,HOLA,3,0,EV,50,1
21/10/15,HOLA,4,0,EV,5,2
21/10/15,HOLA,5,16,EV,10,submerged
21/10/15,WOOL,3,7,EW,1,169
21/10/15,KRAM,1,20,EX,20,canopy
21/10/15,KRAM,2,13,EX,60,canopy
21/10/15,KRAM,3,28,EX,20,canopy
21/10/15,KRAM,4,24,EX,5,canopy
21/10/15,HOLA,1,17,ZF,5,205
21/10/15,HOLA,2,11,ZF,75,canopy
21/10/15,HOLA,5,16,ZF,60,canopy
21/10/15,WOOL,1,9,ZD,100,300
21/10/15,WOOL,2,8,ZD,100,280
21/10/15,WOOL,3,7,ZD,90,220
21/10/15,WOOL,4,9,ZD,100,290
21/10/15,WOOL,5,7,ZD,100,320
22/10/15,MARG,3,0,bare,60,
22/10/15,MARG,4,0,bare,60,
22/10/15,MARG,5,0,bare,50,
22/10/15,POWL,3,28,bare,80,
22/10/15,POWL,2,38,bare,80,
22/10/15,POWL,1,36,bare,60,
22/10/15,POWL,4,33,bare,75,
22/10/15,POWL,5,26,bare,95,
22/10/15,CARP,4,0,bare,70,
22/10/15,CARP,3,0,bare,60,
22/10/15,CARP,5,0,bare,90,
22/10/15,CARP,2,0,bare,95,
22/10/15,CARP,1,0,bare,90,
22/10/15,HEYL,1,37,bare,100,
22/10/15,HEYL,2,38,bare,100,
22/10/15,HEYL,3,36,bare,100,
22/10/15,HEYL,4,37,bare,100,
22/10/15,HEYL,5,38,bare,100,
22/10/15,POWL,1,36,EG,40,111
22/10/15,CARP,3,0,EQ,30,73
22/10/15,CARP,2,0,EQ,5,39
22/10/15,POWL,3,28,ER,20,56
22/10/15,POWL,2,38,ER,5,52
22/10/15,POWL,4,33,ER,25,61
22/10/15,POWL,5,26,ER,5,49
22/10/15,CARP,1,0,ER,5,31
22/10/15,POWL,2,38,EX,10,71
22/10/15,MARG,1,0,EY,90,118
22/10/15,MARG,2,0,EY,25,59
22/10/15,MARG,3,0,EY,40,87
22/10/15,MARG,4,0,EY,30,71
22/10/15,MARG,5,0,EY,50,67
22/10/15,MARG,1,0,EZ,2,72
22/10/15,MARG,3,0,EZ,2,53
22/10/15,POWL,2,38,ZF,2,95
22/10/15,MARG,1,0,TA,5,87
22/10/15,MARG,1,0,TB,2,125
22/10/15,MARG,4,0,TB,2,52
22/10/15,MARG,5,0,TB,2,58
22/10/15,CARP,4,0,TD,5,14
22/10/15,CARP,3,0,TD,10,21
22/10/15,CARP,5,0,TD,10,18
22/10/15,CARP,1,0,TD,2,19
22/10/15,CARP,4,0,TE,30,38
22/10/15,CARP,5,0,TE,5,24
22/10/15,CARP,1,0,TE,10,29
23/10/15,KNGL,1,24,KM,2,floating
23/10/15,KNGL,2,23,KM,2,floating
23/10/15,LALB,1,0,bare,75,
23/10/15,LALB,2,0,bare,80,
23/10/15,LALB,3,0,bare,95,
23/10/15,LALB,4,0,bare,85,
23/10/15,LALB,5,0,bare,95,
23/10/15,KNGL,1,24,bare,15,
23/10/15,KNGL,2,23,bare,10,
23/10/15,KNGL,3,32,bare,20,
23/10/15,THRD,1,0,bare,85,
23/10/15,THRD,2,0,bare,80,
23/10/15,THRD,3,0,bare,55,
23/10/15,FRST,3,0,bare,40,
23/10/15,FRST,5,0,bare,30,
23/10/15,FRST,4,0,bare,20,
23/10/15,FRST,2,0,bare,60,
23/10/15,FRST,1,0,bare,40,
23/10/15,LIZL,1,0,bare,60,
23/10/15,LIZL,2,0,bare,60,
23/10/15,LIZL,3,0,bare,65,
23/10/15,LIZL,4,0,bare,50,
23/10/15,LIZL,5,0,bare,60,
23/10/15,THRD,2,0,EI,10,15
23/10/15,THRD,3,0,EI,15,21
23/10/15,FRST,3,0,EI,25,26
23/10/15,FRST,5,0,EI,25,22
23/10/15,FRST,4,0,EI,10,14
23/10/15,FRST,2,0,EI,2,10
23/10/15,FRST,1,0,EI,15,17
23/10/15,THRD,2,0,EN,1,6
23/10/15,THRD,4,0,EN,10,13
23/10/15,FRST,4,0,EN,20,10
23/10/15,KNGL,1,24,EW,85,182
23/10/15,KNGL,2,23,EW,90,175
23/10/15,KNGL,3,32,EW,50,
23/10/15,THRD,4,0,ES,1,40
23/10/15,FRST,4,0,ES,2,101
23/10/15,FRST,2,0,ES,5,64
23/10/15,LALB,1,0,ZF,2,119
23/10/15,LALB,5,0,ZF,2,64
23/10/15,LALB,5,0,TC,1,5
23/10/15,LALB,2,0,TD,2,12
23/10/15,LALB,4,0,TD,2,12
23/10/15,FRST,2,0,TD,5,19
23/10/15,LALB,2,0,TF,20,45
23/10/15,LALB,3,0,TF,5,41
23/10/15,LALB,4,0,TF,15,67
23/10/15,LALB,5,0,TF,5,44
23/10/15,KNGL,3,32,TG,10,
23/10/15,THRD,1,0,TH,15,13
23/10/15,THRD,2,0,TH,5,12
23/10/15,THRD,5,0,TH,1,10
23/10/15,THRD,1,0,TI,1,5
23/10/15,THRD,2,0,TI,2,5
23/10/15,THRD,5,0,TI,2,3
23/10/15,THRD,2,0,TJ,2,7
23/10/15,THRD,3,0,TJ,30,7
23/10/15,THRD,4,0,TJ,2,5
23/10/15,THRD,5,0,TJ,2,7
23/10/15,THRD,4,0,TK,15,10
23/10/15,FRST,4,0,TK,2,7
23/10/15,FRST,1,0,TK,2,12
23/10/15,LIZL,1,0,TK,40,18
23/10/15,LIZL,2,0,TK,10,56
23/10/15,LIZL,3,0,TK,15,33
23/10/15,LIZL,4,0,TK,25,28
23/10/15,LIZL,5,0,TK,10,25
23/10/15,THRD,5,0,TL,5,22
23/10/15,FRST,3,0,TL,15,25
23/10/15,THRD,1,0,TM,5,14
23/10/15,THRD,2,0,TM,5,16
23/10/15,THRD,3,0,TM,2,13
23/10/15,THRD,4,0,TM,5,18
23/10/15,THRD,5,0,TM,20,30
23/10/15,FRST,5,0,TM,5,23
23/10/15,FRST,2,0,TN,5,41
23/10/15,FRST,1,0,TN,5,19
23/10/15,LIZL,2,0,TO,25,22
23/10/15,LIZL,3,0,TO,20,18
23/10/15,LIZL,4,0,TO,25,18
23/10/15,LIZL,5,0,TO,30,16
23/10/15,KNGL,1,24,ZD,5,175
23/10/15,KNGL,2,23,ZD,5,180
23/10/15,KNGL,3,32,ZD,30,
24/10/15,YAND,2,0,bare,75,
24/10/15,YAND,4,0,bare,30,
24/10/15,YAND,1,0,bare,70,
24/10/15,MERR,1,0,bare,90,
24/10/15,MERR,2,0,bare,20,
24/10/15,MERR,3,0,bare,5,
24/10/15,MERR,4,0,bare,55,
24/10/15,MERR,5,0,bare,50,
24/10/15,MERR,3,0,ZI,60,29
24/10/15,MERR,5,0,ZI,40,16
24/10/15,MERR,1,0,grass,5,8
24/10/15,MERR,2,0,grass,70,17
24/10/15,MERR,3,0,grass,10,11
24/10/15,MERR,4,0,grass,15,14
24/10/15,MERR,5,0,grass,10,10
24/10/15,YAND,2,0,TF,15,35
24/10/15,YAND,3,0,TF,30,35
24/10/15,YAND,4,0,TF,5,22
24/10/15,YAND,4,0,ZJ,40,30
24/10/15,YAND,2,0,TP,10,23
24/10/15,YAND,3,0,TP,5,36
24/10/15,YAND,1,0,TP,25,31
24/10/15,YAND,3,0,TQ,15,38
24/10/15,YAND,4,0,TQ,10,45
24/10/15,YAND,1,0,TQ,5,14
24/10/15,YAND,3,0,TR,70,20
24/10/15,YAND,4,0,TR,20,19
24/10/15,YAND,1,0,TS,5,6
24/10/15,MERR,1,0,TT,10,2
24/10/15,MERR,2,0,TT,10,2
24/10/15,MERR,4,0,TT,40,2
24/10/15,MERR,2,0,TU,5,53
24/10/15,MERR,3,0,TV,25,13
5/1/16,OLIV,1,0,bare,80,
5/1/16,OLIV,2,0,bare,90,
5/1/16,OLIV,3,0,bare,80,
5/1/16,OLIV,4,0,bare,85,
5/1/16,OLIV,5,0,bare,60,
5/1/16,HIND,1,0,bare,90,
5/1/16,HIND,2,0,bare,95,
5/1/16,HIND,3,0,bare,90,
5/1/16,HIND,4,0,bare,85,
5/1/16,HIND,5,0,bare,95,
5/1/16,LAWL,4,0,bare,40,
5/1/16,OLIV,1,0,FA,20,7
5/1/16,OLIV,2,0,FA,10,20
5/1/16,OLIV,3,0,FA,20,9
5/1/16,OLIV,4,0,FA,15,15
5/1/16,OLIV,5,0,FA,40,12
5/1/16,HIND,1,0,FB,5,56
5/1/16,HIND,2,0,FB,2,46
5/1/16,HIND,3,0,FB,5,49
5/1/16,HIND,4,0,FB,5,57
5/1/16,HIND,5,0,FB,2,37
5/1/16,HIND,2,0,FC,1,49
5/1/16,HIND,4,0,FC,2,49
5/1/16,HIND,1,0,FD,2,1
5/1/16,HIND,3,0,FD,2,1
5/1/16,HIND,4,0,FD,5,1
5/1/16,HIND,5,0,FD,1,1
5/1/16,HIND,1,0,FE,2,16
5/1/16,HIND,2,0,FE,2,7
5/1/16,HIND,3,0,FE,1,6
5/1/16,LAWL,2,0,FF,5,41
5/1/16,LAWL,5,0,FF,60,75
5/1/16,LAWL,3,0,FG,5,14
5/1/16,LAWL,4,0,FG,5,16
5/1/16,LAWL,5,0,FG,40,26
5/1/16,LAWL,1,0,EK,70,53
5/1/16,LAWL,2,0,EK,50,106
5/1/16,LAWL,3,0,EK,40,130
5/1/16,LAWL,4,0,EK,60,179
5/1/16,LAWL,5,0,ZJ,5,49
6/1/16,TOOA,1,0,bare,100,
6/1/16,TOOA,2,0,bare,100,
6/1/16,TOOA,3,0,bare,100,
6/1/16,TOOA,4,0,bare,100,
6/1/16,TOOA,5,0,bare,100,
6/1/16,BRNG,1,0,bare,30,
6/1/16,BRNG,2,0,bare,70,
6/1/16,BRNG,3B,0,bare,90,
6/1/16,BRNG,4,0,bare,95,
6/1/16,BRNG,5,0,bare,90,
6/1/16,CPLC,1,0,bare,90,
6/1/16,CPLC,2,0,bare,90,
6/1/16,CPLC,3,0,bare,95,
6/1/16,CPLC,4,0,bare,90,
6/1/16,CPLC,5,0,bare,85,
6/1/16,BRNG,1,0,FH,30,62
6/1/16,BRNG,2,0,FH,30,68
6/1/16,BRNG,1,0,FI,5,flat
6/1/16,BRNG,2,0,FJ,2,47
6/1/16,CPLC,1,0,FK,10,71
6/1/16,CPLC,2,0,FK,8,66
6/1/16,CPLC,3,0,FK,5,98
6/1/16,CPLC,4,0,FK,10,62
6/1/16,CPLC,5,0,FK,15,58
6/1/16,BRNG,3B,0,OJ,10,3
6/1/16,BRNG,4,0,OJ,5,3
6/1/16,BRNG,5,0,OJ,10,3
6/1/16,REDG,1,0,ZF,40,canopy
6/1/16,REDG,2,0,ZF,30,canopy
6/1/16,REDG,3,0,ZF,20,canopy
6/1/16,REDG,4,0,ZF,15,canopy
6/1/16,REDG,5,0,ZF,40,canopy
7/1/16,KANA,1,0,bare,20,
7/1/16,KANA,2,0,bare,20,
7/1/16,KANA,3,0,bare,40,
7/1/16,KANA,4,0,bare,50,
7/1/16,KANA,5,0,bare,40,
7/1/16,CONN,1,0,bare,40,
7/1/16,CONN,2,0,bare,20,
7/1/16,CONN,3,0,bare,25,
7/1/16,CONN,4,0,bare,20,
7/1/16,DARL,1B,0,bare,90,
7/1/16,DARL,2B,0,bare,75,
7/1/16,DARL,3,0,bare,90,
7/1/16,DARL,4,0,bare,70,
7/1/16,MUTT,1,0,bare,30,
7/1/16,MUTT,2,0,bare,60,
7/1/16,MUTT,3,0,bare,40,
7/1/16,MUTT,1,0,FK,2,60
7/1/16,KANA,1,0,FL,2,36
7/1/16,KANA,1,0,FN,10,50
7/1/16,KANA,2,0,FN,10,52
7/1/16,KANA,1,0,FO,20,68
7/1/16,DARL,1B,0,FO,10,12
7/1/16,MUTT,1,0,FO,5,41
7/1/16,MUTT,2,0,FO,40,79
7/1/16,MUTT,3,0,FO,50,65
7/1/16,MUTT,4,0,FO,40,95
7/1/16,MUTT,5,0,FO,70,82
7/1/16,KANA,1,0,FP,5,46
7/1/16,KANA,1,0,FQ,50,102
7/1/16,KANA,2,0,FQ,70,97
7/1/16,KANA,3,0,FQ,60,105
7/1/16,KANA,4,0,FQ,50,107
7/1/16,KANA,5,0,FQ,60,105
7/1/16,MUTT,1,0,FQ,10,74
7/1/16,MUTT,1,0,FR,2,10
7/1/16,MUTT,2,0,FR,2,11
7/1/16,MUTT,4,0,FR,10,22
7/1/16,MUTT,5,0,FR,20,7
7/1/16,CONN,1,0,mustard,5,71
7/1/16,CONN,2,0,mustard,10,88
7/1/16,CONN,3,0,mustard,15,59
7/1/16,CONN,4,0,mustard,5,45
7/1/16,CONN,5,0,mustard,10,69
7/1/16,MUTT,1,0,rush,50,26
7/1/16,MUTT,2,0,rush,5,56
7/1/16,MUTT,3,0,rush,5,41
7/1/16,CONN,1,0,ZJ,2,34
7/1/16,KANA,3,0,FS,5,45
7/1/16,KANA,4,0,FS,1,47
7/1/16,KANA,5,0,FS,10,54
7/1/16,MUTT,3,0,FS,5,32
7/1/16,MUTT,5,0,FS,10,30
8/1/16,LEAR,1,0,bare,5,
8/1/16,LEAR,1,0,DE,80,58
8/1/16,LEAR,2,0,DE,50,61
8/1/16,LEAR,3,0,DE,70,58
8/1/16,LEAR,4,0,DE,40,53
8/1/16,LEAR,5,0,DE,70,66
8/1/16,LEAR,1,0,FS,5,28
8/1/16,LEAR,2,0,FS,40,18
8/1/16,LEAR,3,0,FS,15,16
8/1/16,LEAR,4,0,FS,50,18
8/1/16,LEAR,5,0,FS,20,28
8/1/16,LEAR,2,0,FT,10,65
8/1/16,LEAR,3,0,FT,15,86
8/1/16,LEAR,4,0,FT,10,80
8/1/16,LEAR,5,0,FT,10,79
15/1/16,MCKE,2,0,bare,20,
15/1/16,MCKE,1,0,FU,50,135
15/1/16,MCKE,2,0,FU,50,119
15/1/16,MCKE,3,0,FU,60,167
15/1/16,MCKE,4,0,FU,50,154
15/1/16,MCKE,5,0,FU,70,130
15/1/16,MCKE,1,0,FV,100,2
15/1/16,MCKE,3,0,FV,20,2
15/1/16,MCKE,4,0,FV,20,2
15/1/16,MCKE,2,0,FW,40,190
15/1/16,MCKE,3,0,FW,5,9
15/1/16,HOLY,1,0,FX,70,83
15/1/16,HOLY,2,0,FX,20,87
15/1/16,HOLY,3,0,FX,60,92
15/1/16,HOLY,4,0,FX,20,82
15/1/16,HOLY,5,0,FX,90,85
15/1/16,HOLY,1,0,FY,30,37
15/1/16,HOLY,3,0,FY,40,50
15/1/16,HOLY,4,0,FY,30,47
15/1/16,HOLY,5,0,FY,5,58
15/1/16,HOLY,2,0,FZ,80,78
15/1/16,HOLY,4,0,FZ,50,92
15/1/16,HOLY,4,0,GA,40,6
15/1/16,HOLY,5,0,GA,50,4
15/1/16,SALE,1,0,GB,5,33
15/1/16,SALE,4,0,GB,20,16
15/1/16,SALE,5,0,GB,5,19
15/1/16,SALE,1,0,GC,50,76
15/1/16,SALE,1,0,GD,30,46
15/1/16,SALE,1,0,GE,10,82
15/1/16,SALE,2,0,GE,10,144
15/1/16,SALE,1,0,GF,2,47
15/1/16,SALE,2,0,GF,2,66
15/1/16,SALE,5,0,GF,10,25
15/1/16,SALE,1,0,GG,10,127
15/1/16,SALE,2,0,GG,80,180
15/1/16,SALE,1,0,GH,2,123
15/1/16,SALE,2,0,GH,2,140
15/1/16,SALE,1,0,GI,5,81
15/1/16,SALE,1,0,GJ,5,116
15/1/16,SALE,2,0,GK,40,108
15/1/16,SALE,4,0,GK,50,112
15/1/16,SALE,3,0,GL,70,71
15/1/16,SALE,4,0,GM,5,creeper
15/1/16,SALE,4,0,GN,5,82
15/1/16,SALE,5,0,GN,40,119
15/1/16,SALE,5,0,GO,40,190
15/1/16,MCKE,4,0,lichen,10,
15/1/16,MCKE,5,0,lichen,5,
15/1/16,MCKE,5,0,moss,40,
15/1/16,SALE,3,0,AV,40,215
15/1/16,SALE,4,0,AV,10,205
16/1/16,HOWI,1,0,PA,70,24
16/1/16,HOWI,2,0,PA,25,18
16/1/16,HOWI,3,0,PA,50,27
16/1/16,HOWI,5,0,PA,5,32
16/1/16,HOWI,1,0,PB,20,54
16/1/16,HOWI,2,0,PB,40,41
16/1/16,HOWI,3,0,PB,5,30
16/1/16,HOWI,4,0,PB,20,42
16/1/16,HOWI,5,0,PB,15,56
16/1/16,HOWI,6-Jul,0,PB,20,43
16/1/16,HOWI,8,0,PB,20,24
16/1/16,HOWI,1,0,PC,10,19
16/1/16,HOWI,3,0,PC,2,14
16/1/16,HOWI,5,0,PC,30,32
16/1/16,HOWI,1,0,PD,90,6
16/1/16,HOWI,4,0,PD,20,7
16/1/16,HOWI,5,0,PD,30,6
16/1/16,HOWI,8,0,PD,5,7
16/1/16,HOWI,2,0,PE,25,32
16/1/16,HOWI,3,0,PE,30,22
16/1/16,HOWI,5,0,PE,5,29
16/1/16,HOWI,2,0,PF,5,4
16/1/16,HOWI,4,0,PF,20,7
16/1/16,HOWI,3,0,PG,5,41
16/1/16,HOWI,3,0,PH,10,30
16/1/16,HOWI,5,0,PH,2,8
16/1/16,HOWI,3,0,PI,10,26
16/1/16,HOWI,5,0,PI,30,40
16/1/16,HOWI,4,0,PJ,40,6
16/1/16,HOWI,4,0,GP,5,38
16/1/16,HOWI,5,0,GP,10,25
16/1/16,HOWI,5,0,GQ,1,30
16/1/16,HOWI,5,0,GR,2,26
16/1/16,HOWI,6-Jul,0,GR,20,22
16/1/16,HOWI,8,0,GR,5,25
16/1/16,KIBI,3,0,GR,2,
16/1/16,HOWI,6-Jul,0,GS,10,7
16/1/16,HOWI,8,0,GS,90,12
16/1/16,HOWI,8,0,GT,10,2
16/1/16,KIBI,1,0,GU,2,41
16/1/16,KIBI,2,0,GU,5,79
16/1/16,KIBI,3,0,GU,10,71
16/1/16,KIBI,1,0,GV,2,59
16/1/16,KIBI,2,0,GV,5,23
16/1/16,KIBI,3,0,GV,10,52
16/1/16,KIBI,1,0,GW,90,68
16/1/16,KIBI,2,0,GW,90,68
16/1/16,KIBI,3,0,GW,80,65
16/1/16,KIBI,1,0,GX,2,50
16/1/16,KIBI,1,0,GY,5,37
16/1/16,KIBI,2,0,GY,2,46
16/1/16,HOWI,6-Jul,0,bare,50,
17/1/16,LARA,1,0,algae,,
17/1/16,HART,1,37,KM,2,floating
17/1/16,HART,2,39,KM,50,floating
17/1/16,LARA,4,0,bare,,
17/1/16,MOOR,5,0,bare,30,
17/1/16,LARA,2,0,FX,40,145
17/1/16,LARA,3,0,FX,10,138
17/1/16,LARA,4,0,FX,40,125
17/1/16,LARA,5,0,FX,60,141
17/1/16,MOOR,1,0,FX,90,92
17/1/16,MOOR,2,0,FX,85,89
17/1/16,MOOR,3,0,FX,95,107
17/1/16,MOOR,4,0,FX,80,97
17/1/16,MOOR,5,0,FX,35,60
17/1/16,HART,1,37,HD,90,17
17/1/16,HART,2,39,HD,30,25
17/1/16,HART,3,29,HD,80,19
17/1/16,HART,4,39,HD,90,24
17/1/16,HART,5,39,HD,85,18
17/1/16,HART,4,39,HE,1,36
17/1/16,CLYD,1,0,HF,90,6
17/1/16,CLYD,2,0,HF,90,8
17/1/16,CLYD,3,0,HF,50,11
17/1/16,CLYD,4,0,HF,80,5
17/1/16,CLYD,5,0,HF,70,7
17/1/16,CLYD,1,0,HG,20,112
17/1/16,CLYD,2,0,HG,25,90
17/1/16,CLYD,3,0,HG,50,105
17/1/16,CLYD,4,0,HG,30,93
17/1/16,CLYD,5,0,HG,40,114
17/1/16,LARA,1,0,HH,40,155
17/1/16,LARA,2,0,HH,20,150
17/1/16,LARA,3,0,HH,50,140
17/1/16,LARA,1,0,HI,2,12
17/1/16,LARA,2,0,HI,2,10
17/1/16,LARA,3,0,HI,2,13
17/1/16,MOOR,1,0,HJ,10,53
17/1/16,MOOR,2,0,HJ,15,59
17/1/16,MOOR,4,0,HJ,5,57
17/1/16,MOOR,5,0,HJ,35,38
17/1/16,HART,1,37,lemna,5,floating
17/1/16,HART,2,39,lemna,100,floating
17/1/16,HART,3,29,lemna,5,floating
17/1/16,HART,4,39,lemna,2,floating
17/1/16,HART,4,39,CS,5,77
17/1/16,HART,3,29,ZD,10,100
18/1/16,CABG,2,13,bare,30,
18/1/16,BEAT,2,0,GC,5,56
18/1/16,EWIN,1,5,HK,15,92
18/1/16,EWIN,2,8,HK,10,70
18/1/16,EWIN,3,4,HK,30,83
18/1/16,EWIN,4,9,HK,10,83
18/1/16,EWIN,5,20,HK,20,129
18/1/16,EWIN,1,5,HL,10,27
18/1/16,EWIN,2,8,HL,10,12
18/1/16,EWIN,3,4,HL,5,15
18/1/16,EWIN,4,9,HL,30,18
18/1/16,EWIN,5,20,HL,10,29
18/1/16,EWIN,1,5,HM,70,57
18/1/16,EWIN,2,8,HM,90,19
18/1/16,EWIN,3,4,HM,50,25
18/1/16,EWIN,4,9,HM,20,56
18/1/16,EWIN,5,20,HM,30,54
18/1/16,EWIN,1,5,HN,5,14
18/1/16,EWIN,2,8,HN,2,8
18/1/16,EWIN,3,4,HN,2,12
18/1/16,EWIN,4,9,HN,2,12
18/1/16,EWIN,2,8,HO,5,17
18/1/16,EWIN,3,4,HO,15,20
18/1/16,EWIN,4,9,HO,10,32
18/1/16,EWIN,5,20,HO,15,21
18/1/16,BEAT,2,0,HO,2,15
18/1/16,BEAT,3,0,HO,2,29
18/1/16,EWIN,3,4,HP,2,27
18/1/16,EWIN,4,9,HP,2,28
18/1/16,EWIN,4,9,HQ,20,125
18/1/16,EWIN,5,20,HQ,5,119
18/1/16,BEAT,1,0,HR,60,232
18/1/16,BEAT,2,0,HR,70,223
18/1/16,BEAT,3,0,HR,70,245
18/1/16,BEAT,4,0,HR,75,288
18/1/16,BEAT,5,0,HR,50,236
18/1/16,BEAT,1,0,HS,10,9
18/1/16,BEAT,2,0,HS,20,10
18/1/16,BEAT,3,0,HS,10,16
18/1/16,BEAT,4,0,HS,20,16
18/1/16,BEAT,5,0,HS,10,12
18/1/16,CABG,1,0,HS,5,18
18/1/16,CABG,5,0,HS,5,18
18/1/16,BEAT,1,0,HT,5,5
18/1/16,BEAT,2,0,HT,2,2
18/1/16,BEAT,1,0,HU,15,2
18/1/16,BEAT,3,0,HU,20,2
18/1/16,BEAT,4,0,HU,5,2
18/1/16,BEAT,3,0,HV,10,11
18/1/16,BEAT,4,0,HV,2,35
18/1/16,BEAT,5,0,HW,40,2
18/1/16,BEAT,5,0,HX,5,86
18/1/16,CABG,1,0,HY,5,55
18/1/16,CABG,2,13,HY,50,150
18/1/16,CABG,3,0,HY,30,138
18/1/16,CABG,4,0,HY,30,124
18/1/16,CABG,5,0,HY,15,86
18/1/16,CABG,1,0,HZ,2,10
18/1/16,CABG,3,0,HZ,40,12
18/1/16,CABG,5,0,HZ,80,14
18/1/16,CURL,2,0,HZ,70,32
18/1/16,CURL,3,0,HZ,50,29
18/1/16,CURL,4,0,HZ,80,20
18/1/16,CURL,5,0,HZ,20,14
18/1/16,CABG,1,0,IA,20,300
18/1/16,CABG,2,13,IA,10,200
18/1/16,CABG,4,0,IA,80,canopy
18/1/16,CABG,5,0,IA,50,canopy
18/1/16,CABG,1,0,IB,25,14
18/1/16,CABG,2,13,IB,5,47
18/1/16,CABG,3,0,IB,5,61
18/1/16,CABG,4,0,IB,5,43
18/1/16,CABG,1,0,IC,25,16
18/1/16,CURL,4,0,IC,2,19
18/1/16,CABG,5,0,ID,5,19
18/1/16,CABG,5,0,IE,2,12
18/1/16,CURL,1,0,IE,50,3
18/1/16,CURL,1,0,IF,40,132
18/1/16,CURL,3,0,IF,10,120
18/1/16,CURL,4,0,IF,15,143
18/1/16,CURL,5,0,IF,95,129
18/1/16,CURL,1,0,IG,25,126
18/1/16,CURL,2,0,IG,10,167
18/1/16,CURL,3,0,IG,10,165
18/1/16,CURL,2,0,IH,10,185
18/1/16,CURL,2,0,II,5,60
18/1/16,CURL,3,0,II,2,46
18/1/16,CURL,4,0,II,5,33
18/1/16,CURL,3,0,IJ,10,154
18/1/16,CURL,4,0,IJ,2,125
18/1/16,CABG,1,0,AV,20,150
18/1/16,CABG,2,13,AV,5,120
18/1/16,CABG,3,0,AV,30,224
18/1/16,CABG,4,0,AV,50,270
18/1/16,CABG,5,0,AV,10,115
18/1/16,CURL,1,0,AV,15,158
18/1/16,CURL,2,0,AV,80,230
18/1/16,CURL,3,0,AV,70,210
18/1/16,CURL,4,0,AV,40,200
18/1/16,CURL,5,0,AV,5,116
18/1/16,BEAT,1,0,NW,5,53
18/1/16,BEAT,2,0,NW,5,51
18/1/16,BEAT,3,0,NW,5,51
18/1/16,BEAT,4,0,NW,5,40
19/1/16,YEER,1,0,IK,20,110
19/1/16,YEER,2,0,IK,10,94
19/1/16,YEER,3,0,IK,10,100
19/1/16,YEER,5,0,IL,20,205
19/1/16,YEER,1,0,IM,20,117
19/1/16,YEER,2,0,IM,5,98
19/1/16,YEER,4,0,IM,5,115
19/1/16,YEER,1,0,IN,60,123
19/1/16,YEER,2,0,IN,40,113
19/1/16,YEER,3,0,IN,50,120
19/1/16,YEER,4,0,IN,80,110
19/1/16,YEER,5,0,IN,30,114
19/1/16,YEER,2,0,IO,5,94
19/1/16,YEER,3,0,IO,20,98
19/1/16,YEER,4,0,IO,5,134
19/1/16,YEER,5,0,IO,40,112
19/1/16,YEER,2,0,IP,5,115
19/1/16,YEER,4,0,IP,5,124
19/1/16,YEER,2,0,IQ,15,112
19/1/16,YEER,3,0,IQ,5,56
19/1/16,YEER,5,0,IQ,5,79
19/1/16,YEER,3,0,IR,40,15
19/1/16,DELE,1,0,IS,15,155
19/1/16,DELE,2,0,IS,10,181
19/1/16,DELE,3,0,IS,15,175
19/1/16,DELE,4,0,IS,5,138
19/1/16,DELE,5,0,IS,2,68
19/1/16,DELE,1,0,IT,60,113
19/1/16,DELE,2,0,IT,90,127
19/1/16,DELE,3,0,IT,80,109
19/1/16,DELE,4,0,IT,60,112
19/1/16,DELE,5,0,IT,10,54
19/1/16,DELE,1,0,IU,80,3
19/1/16,DELE,5,0,IU,30,8
19/1/16,DELE,1,0,IV,30,45
19/1/16,DELE,5,0,IV,30,23
19/1/16,DELE,2,0,IW,5,118
19/1/16,DELE,3,0,IW,5,89
19/1/16,DELE,4,0,IW,30,122
19/1/16,DELE,5,0,IW,60,108
19/1/16,DELE,3,0,IX,5,131
19/1/16,DELE,3,0,IY,5,106
19/1/16,DELE,5,0,IY,5,84
19/1/16,DELE,4,0,IZ,40,64
19/1/16,DELE,5,0,IZ,5,55
20/1/16,LIME,1,0,IK,50,97
20/1/16,NDOG,5,0,IT,50,57
20/1/16,TONY,1,0,IT,40,41
20/1/16,TONY,2,0,IT,15,40
20/1/16,NDOG,3,0,IV,50,23
20/1/16,NDOG,4,0,IV,50,25
20/1/16,NDOG,5,0,IV,15,32
20/1/16,LIME,1,0,IV,15,14
20/1/16,LIME,2,0,IV,20,20
20/1/16,LIME,3,0,IV,5,19
20/1/16,LIME,4,0,IV,20,27
20/1/16,LIME,5,0,IV,5,10
20/1/16,TONY,1,0,IV,20,19
20/1/16,TONY,1,0,IX,2,58
20/1/16,TONY,2,0,IY,2,55
20/1/16,TONY,3,0,IZ,2,25
20/1/16,TONY,2,0,JB,5,5
20/1/16,NDOG,1,0,JD,2,3
20/1/16,NDOG,1,0,JE,30,37
20/1/16,NDOG,2,0,JE,10,23
20/1/16,LIME,2,0,JE,60,75
20/1/16,LIME,3,0,JE,20,72
20/1/16,LIME,4,0,JE,30,100
20/1/16,LIME,5,0,JE,60,64
20/1/16,NDOG,1,0,JF,20,64
20/1/16,LIME,2,0,JF,10,38
20/1/16,LIME,4,0,JF,15,86
20/1/16,LIME,5,0,JF,30,67
20/1/16,NDOG,1,0,JG,2,37
20/1/16,NDOG,2,0,JG,5,77
20/1/16,TONY,2,0,JG,2,17
20/1/16,NDOG,1,0,JH,1,25
20/1/16,NDOG,2,0,JH,5,39
20/1/16,NDOG,1,0,JI,2,13
20/1/16,NDOG,1,0,JJ,2,12
20/1/16,LIME,5,0,JJ,5,46
20/1/16,TONY,1,0,JJ,30,27
20/1/16,TONY,2,0,JJ,10,24
20/1/16,NDOG,1,0,JK,15,15
20/1/16,NDOG,4,0,JK,10,70
20/1/16,NDOG,5,0,JK,10,86
20/1/16,LIME,1,0,JK,15,53
20/1/16,LIME,2,0,JK,10,56
20/1/16,LIME,3,0,JK,40,110
20/1/16,LIME,3,0,JK,20,47
20/1/16,LIME,4,0,JK,30,105
20/1/16,LIME,5,0,JK,10,59
20/1/16,NDOG,1,0,JL,2,23
20/1/16,LIME,1,0,JL,5,48
20/1/16,NDOG,1,0,JM,2,22
20/1/16,NDOG,3,0,JM,10,72
20/1/16,NDOG,4,0,JM,15,50
20/1/16,LIME,1,0,JM,5,57
20/1/16,LIME,2,0,JM,5,50
20/1/16,LIME,3,0,JM,5,64
20/1/16,LIME,4,0,JM,2,69
20/1/16,TONY,1,0,JM,15,88
20/1/16,TONY,3,0,JM,20,63
20/1/16,NDOG,1,0,JN,10,3
20/1/16,TONY,2,0,JN,5,4
20/1/16,TONY,3,0,JN,50,3
20/1/16,NDOG,1,0,JO,50,4
20/1/16,TONY,2,0,JO,20,8
20/1/16,NDOG,2,0,JP,70,114
20/1/16,NDOG,3,0,JP,5,55
20/1/16,NDOG,4,0,JP,5,36
20/1/16,NDOG,5,0,JP,30,79
20/1/16,LIME,4,0,JP,5,72
20/1/16,TONY,2,0,JP,10,115
20/1/16,LIME,1,0,JQ,15,85
20/1/16,LIME,5,0,JQ,5,102
20/1/16,TONY,1,0,JQ,10,73
20/1/16,LIME,1,0,JR,5,48
20/1/16,LIME,1,0,JS,2,45
20/1/16,LIME,1,0,JT,2,30
20/1/16,TONY,1,0,JU,2,25
20/1/16,TONY,2,0,JU,2,37
20/1/16,TONY,2,0,juncus,15,138
20/1/16,TONY,1,0,JV,2,10
20/1/16,NDOG,3,0,JW,5,37
20/1/16,TONY,3,0,JW,15,69
20/1/16,TONY,3,0,JX,2,39
20/1/16,TONY,3,0,JY,2,41
20/1/16,NDOG,3,0,sphagnum,60,6
20/1/16,NDOG,4,0,sphagnum,20,6
20/1/16,LIME,3,0,sphagnum,60,3
21/1/16,COOP,1,0,KA,30,56
21/1/16,COOP,2,0,KA,10,43
21/1/16,COOP,5,0,KA,2,26
21/1/16,NUNZ,1,0,KA,15,69
21/1/16,NUNZ,2,0,KA,10,54
21/1/16,NUNZ,3,0,KA,5,42
21/1/16,NUNZ,4,0,KA,5,42
21/1/16,NUNZ,5,0,KA,5,24
21/1/16,COOP,1,0,KB,60,36
21/1/16,COOP,2,0,KB,90,41
21/1/16,COOP,3,0,KB,60,38
21/1/16,COOP,4,0,KB,70,34
21/1/16,COOP,5,0,KB,60,16
21/1/16,NUNZ,1,0,KB,60,20
21/1/16,NUNZ,2,0,KB,50,37
21/1/16,NUNZ,3,0,KB,60,17
21/1/16,NUNZ,4,0,KB,40,45
21/1/16,NUNZ,5,0,KB,70,12
21/1/16,COOP,1,0,KC,5,81
21/1/16,COOP,3,0,KC,5,39
21/1/16,COOP,5,0,KC,5,58
21/1/16,NUNZ,2,0,KC,60,74
21/1/16,NUNZ,3,0,KC,5,40
21/1/16,NUNZ,4,0,KC,5,64
21/1/16,COOP,1,0,KD,5,47
21/1/16,COOP,2,0,KD,2,51
21/1/16,COOP,3,0,KD,10,36
21/1/16,COOP,4,0,KD,5,31
21/1/16,COOP,5,0,KD,10,19
21/1/16,NUNZ,1,0,KD,5,46
21/1/16,NUNZ,3,0,KD,5,35
21/1/16,NUNZ,4,0,KD,2,29
21/1/16,NUNZ,5,0,KD,10,28
21/1/16,COOP,2,0,KE,5,59
21/1/16,COOP,4,0,KE,5,47
21/1/16,COOP,5,0,KE,10,58
21/1/16,NUNZ,1,0,KE,15,28
21/1/16,NUNZ,3,0,KE,10,23
21/1/16,NUNZ,4,0,KE,50,58
21/1/16,NUNZ,5,0,KE,20,73
21/1/16,COOP,3,0,KF,20,6
21/1/16,COOP,4,0,KF,15,7
21/1/16,NUNZ,1,0,KF,5,7
21/1/16,COOP,3,0,KG,5,43
21/1/16,NUNZ,3,0,KG,10,37
21/1/16,NUNZ,4,0,KG,2,33
21/1/16,NUNZ,1,0,KH,2,13
21/1/16,NUNZ,1,0,KI,10,2
21/1/16,NUNZ,3,0,KJ,5,24
8/2/16,RELA,3,26,KL,30,220
8/2/16,RELA,2,18,KL,20,230
8/2/16,RELA,1,20,KL,40,210
8/2/16,RELA,4,24,KL,50,247
8/2/16,RELA,5,24,KL,40,210
8/2/16,RELA,3,26,KM,90,floating
8/2/16,RELA,2,18,KM,90,floating
8/2/16,RELA,1,20,KM,70,floating
8/2/16,RELA,4,24,KM,50,floating
8/2/16,RELA,5,24,KM,50,floating
8/2/16,RELA,3,26,KN,90,submerged
8/2/16,RELA,2,18,KN,90,submerged
8/2/16,RELA,1,20,KN,50,submerged
8/2/16,RELA,4,24,KN,60,submerged
8/2/16,RELA,5,24,KN,50,submerged
9/2/16,RILA,1,47,azolla,90,floating
9/2/16,RILA,2,53,azolla,80,floating
9/2/16,RILA,3,17,azolla,50,floating
9/2/16,RILA,4,46,azolla,20,floating
9/2/16,RILA,5,32,azolla,100,floating
9/2/16,BARM,1,17,azolla,90,floating
9/2/16,BARM,2,18,azolla,20,floating
9/2/16,BARM,3,20,azolla,5,floating
9/2/16,BARM,4,20,azolla,10,floating
9/2/16,BARM,5,14,azolla,90,floating
9/2/16,BLCH,4,0,bare,40,
9/2/16,BLCH,5,0,bare,60,
9/2/16,RILA,2,53,KL,10,280
9/2/16,BLCH,1,0,KO,2,15
9/2/16,BLCH,4,0,KO,25,10
9/2/16,BLCH,5,0,KO,10,9
9/2/16,BLCH,1,0,KP,5,14
9/2/16,BLCH,4,0,KP,25,8
9/2/16,BLCH,5,0,KP,5,6
9/2/16,BLCH,1,0,KQ,5,16
9/2/16,BLCH,3,0,KQ,50,35
9/2/16,BLCH,4,0,KQ,10,8
9/2/16,BLCH,1,0,KR,2,5
9/2/16,BLCH,2,0,KS,50,110
9/2/16,BLCH,5,0,KT,25,6
9/2/16,BARM,1,17,KU,5,21
9/2/16,BARM,2,18,KU,40,42
9/2/16,BARM,3,20,KU,60,48
9/2/16,BARM,4,20,KU,20,31
9/2/16,BARM,5,14,KU,20,36
9/2/16,BARM,1,17,KV,15,18
9/2/16,BARM,2,18,KV,15,22
9/2/16,BARM,3,20,KV,20,27
9/2/16,BARM,4,20,KV,25,21
9/2/16,BARM,5,14,KV,10,26
9/2/16,BARM,1,17,KW,5,50
9/2/16,BARM,4,20,KW,5,29
9/2/16,BARM,5,14,KW,5,32
9/2/16,BARM,1,17,KX,5,19
9/2/16,BARM,2,18,KX,5,33
9/2/16,BARM,4,20,KX,5,25
9/2/16,BARM,5,14,KX,5,19
9/2/16,BARM,1,17,KY,2,24
9/2/16,BARM,2,18,KY,15,29
9/2/16,BARM,3,20,KY,2,28
9/2/16,BARM,1,17,KZ,10,73
9/2/16,BARM,4,20,KZ,5,56
9/2/16,BARM,5,14,KZ,2,33
9/2/16,BARM,5,14,LA,10,28
9/2/16,RILA,1,47,lemna,20,floating
9/2/16,RILA,2,53,lemna,20,floating
9/2/16,RILA,3,17,lemna,10,floating
9/2/16,RILA,4,46,lemna,5,floating
9/2/16,RILA,5,32,lemna,20,floating
9/2/16,BARM,4,20,CS,10,33
9/2/16,RILA,1,47,ZD,10,350
9/2/16,RILA,2,53,ZD,10,310
9/2/16,RILA,3,17,ZD,20,250
9/2/16,RILA,4,46,ZD,20,320
9/2/16,RILA,5,32,ZD,10,270
9/2/16,BLCH,1,0,ZD,30,300
9/2/16,BLCH,2,0,ZD,30,230
9/2/16,BLCH,3,0,ZD,30,220
9/2/16,BARM,3,20,VKX,10,38
10/2/16,STPL,1,8,azolla,10,floating
10/2/16,STPL,2,9,azolla,30,floating
10/2/16,STPL,3,9,azolla,50,floating
10/2/16,STPL,4,5,azolla,50,floating
10/2/16,STPL,5,10,azolla,90,floating
10/2/16,LIRU,1,0,bare,50,
10/2/16,LIRU,2,0,bare,60,
10/2/16,LIRU,3,0,bare,20,
10/2/16,LIRU,4,0,bare,60,
10/2/16,LIRU,5,0,bare,50,
10/2/16,ECHO,1,0,KB,60,14
10/2/16,ECHO,3,0,KB,15,21
10/2/16,ECHO,4,0,KB,85,24
10/2/16,ECHO,5,0,KB,70,24
10/2/16,ECHO,2,0,KD,5,36
10/2/16,ECHO,3,0,KD,5,49
10/2/16,ECHO,1,0,KE,5,45
10/2/16,ECHO,2,0,KE,5,55
10/2/16,ECHO,3,0,KE,15,25
10/2/16,ECHO,4,0,KE,5,61
10/2/16,ECHO,5,0,KE,5,61
10/2/16,ECHO,2,0,KF,5,5
10/2/16,ECHO,4,0,KG,2,26
10/2/16,LIRU,1,0,KQ,10,5
10/2/16,LIRU,2,0,KQ,5,5
10/2/16,LIRU,3,0,KQ,5,4
10/2/16,STPL,1,8,KU,50,41
10/2/16,STPL,2,9,KU,5,31
10/2/16,STPL,4,5,KU,5,39
10/2/16,STPL,1,8,KW,15,80
10/2/16,STPL,2,9,KW,40,66
10/2/16,STPL,3,9,KW,50,61
10/2/16,STPL,4,5,KW,50,79
10/2/16,STPL,5,10,KW,70,86
10/2/16,STPL,1,8,KX,5,37
10/2/16,STPL,2,9,KX,10,35
10/2/16,STPL,3,9,KX,15,38
10/2/16,STPL,4,5,KX,5,36
10/2/16,STPL,5,10,KX,5,36
10/2/16,STPL,1,8,LA,5,33
10/2/16,STPL,2,9,LA,10,29
10/2/16,STPL,3,9,LA,5,25
10/2/16,STPL,4,5,LA,10,29
10/2/16,STPL,5,10,LA,5,53
10/2/16,STPL,1,8,LB,15,250
10/2/16,STPL,2,9,LB,10,205
10/2/16,STPL,3,9,LB,10,225
10/2/16,STPL,4,5,LB,10,197
10/2/16,STPL,5,10,LB,15,208
10/2/16,LIRU,1,0,LB,30,270
10/2/16,LIRU,2,0,LB,30,210
10/2/16,LIRU,3,0,LB,30,260
10/2/16,LIRU,4,0,LB,20,205
10/2/16,LIRU,5,0,LB,20,201
10/2/16,LIRU,1,0,LD,15,12
10/2/16,LIRU,2,0,LD,5,14
10/2/16,LIRU,3,0,LD,10,18
10/2/16,LIRU,4,0,LD,20,19
10/2/16,LIRU,5,0,LD,10,9
10/2/16,LIRU,1,0,LE,5,2
10/2/16,LIRU,2,0,LE,5,2
10/2/16,LIRU,3,0,LE,40,2
10/2/16,LIRU,5,0,LE,15,2
10/2/16,LIRU,2,0,LF,5,21
10/2/16,ECHO,1,0,LG,30,73
10/2/16,ECHO,3,0,LG,20,66
10/2/16,ECHO,4,0,LG,10,52
10/2/16,ECHO,1,0,LH,5,42
10/2/16,ECHO,2,0,LI,2,17
10/2/16,ECHO,2,0,LJ,10,57
10/2/16,ECHO,2,0,LK,2,4
10/2/16,ECHO,5,0,LK,5,13
10/2/16,ECHO,2,0,LL,30,5
10/2/16,ECHO,3,0,LL,30,5
10/2/16,ECHO,3,0,LM,10,6
10/2/16,ECHO,3,0,LN,2,16
10/2/16,ECHO,4,0,LO,2,8
10/2/16,ECHO,5,0,LP,5,29
10/2/16,ECHO,5,0,LQ,15,15
10/2/16,ECHO,2,0,sphagnum,50,4
11/2/16,SPAD,1,0,grass,10,11
11/2/16,SPAD,2,0,grass,20,18
11/2/16,SPAD,3,0,grass,20,9
11/2/16,SPAD,4,0,grass,30,13
11/2/16,SPAD,5,0,grass,40,18
11/2/16,SPAD,1,0,HBB,5,50
11/2/16,SPAD,2,0,HBB,30,79
11/2/16,SPAD,3,0,HBB,30,100
11/2/16,SPAD,4,0,HBB,5,96
11/2/16,SPAD,1,0,LR,20,161
11/2/16,SPAD,2,0,LR,10,121
11/2/16,SPAD,3,0,LR,30,163
11/2/16,SPAD,4,0,LR,60,116
11/2/16,SPAD,5,0,LR,50,153
11/2/16,SPAD,1,0,LS,5,NA
11/2/16,SPAD,2,0,LS,5,NA
11/2/16,SPAD,3,0,LS,5,NA
11/2/16,SPAD,4,0,LS,10,NA
11/2/16,SPAD,5,0,LS,5,NA
11/2/16,BUNY,1,0,LT,20,280
11/2/16,BUNY,2,0,LT,10,260
11/2/16,BUNY,3,0,LT,20,185
11/2/16,BUNY,4,0,LT,50,166
11/2/16,BUNY,5,0,LT,20,142
11/2/16,BUNY,1,0,LU,30,92
11/2/16,BUNY,4,0,LU,15,51
11/2/16,BUNY,1,0,LV,20,60
11/2/16,BUNY,2,0,LV,40,118
11/2/16,BUNY,3,0,LV,40,136
11/2/16,BUNY,4,0,LV,10,93
11/2/16,BUNY,5,0,LV,20,55
11/2/16,BUNY,2,0,LW,20,112
11/2/16,BUNY,1,0,LX,30,103
11/2/16,BUNY,2,0,LX,15,92
11/2/16,BUNY,3,0,LX,10,106
11/2/16,BUNY,4,0,LX,15,77
11/2/16,BUNY,5,0,LX,15,78
11/2/16,BUNY,2,0,LY,15,135
11/2/16,BUNY,3,0,LY,30,120
11/2/16,BUNY,4,0,LY,10,62
11/2/16,BUNY,5,0,LY,15,114
11/2/16,BUNY,5,0,LZ,15,139
11/2/16,SPAD,1,0,AV,60,202
11/2/16,SPAD,2,0,AV,50,205
11/2/16,SPAD,3,0,AV,40,199
11/2/16,SPAD,4,0,AV,30,162
11/2/16,SPAD,5,0,AV,50,155
15/2/16,DAMV,1,0,MA,15,9
15/2/16,DAMV,2,0,MA,80,7
15/2/16,DAMV,3,0,MA,90,7
15/2/16,DAMV,4,0,MA,70,7
15/2/16,DAMV,5,0,MA,80,8
15/2/16,BAWB,2,0,MA,80,3
15/2/16,BAWB,3,0,MA,60,6
15/2/16,BAWB,5,0,MA,20,3
15/2/16,DAMV,1,0,MB,10,46
15/2/16,DAMV,2,0,MB,5,17
15/2/16,DAMV,3,0,MB,15,36
15/2/16,DAMV,4,0,MB,20,64
15/2/16,DAMV,5,0,MB,10,46
15/2/16,BAWB,1,0,MB,50,92
15/2/16,BAWB,2,0,MB,5,16
15/2/16,BAWB,3,0,MB,2,27
15/2/16,BAWB,4,0,MB,25,69
15/2/16,BAWB,5,0,MB,15,35
15/2/16,DAMV,1,0,MC,40,39
15/2/16,DAMV,2,0,MC,20,28
15/2/16,DAMV,4,0,MC,30,53
15/2/16,BAWB,1,0,MC,40,65
15/2/16,BAWB,2,0,MC,10,22
15/2/16,BAWB,3,0,MC,20,38
15/2/16,BAWB,5,0,MC,20,25
15/2/16,DAMV,1,0,MD,5,39
15/2/16,DAMV,3,0,MD,2,16
15/2/16,BAWB,2,0,MD,2,26
15/2/16,BAWB,3,0,MD,2,30
15/2/16,BAWB,4,0,MD,30,46
15/2/16,DAMV,1,0,ME,30,43
15/2/16,DAMV,2,0,ME,15,22
15/2/16,DAMV,4,0,ME,25,35
15/2/16,DAMV,5,0,ME,25,66
15/2/16,BAWB,2,0,ME,30,48
15/2/16,BAWB,3,0,ME,30,42
15/2/16,BAWB,5,0,ME,25,47
15/2/16,DAMV,1,0,MF,15,40
15/2/16,DAMV,2,0,MF,5,42
15/2/16,DAMV,4,0,MF,2,16
15/2/16,BAWB,2,0,MF,5,44
15/2/16,BAWB,3,0,MF,5,33
15/2/16,DAMV,2,0,MG,2,35
15/2/16,DAMV,4,0,MG,2,34
15/2/16,BAWB,5,0,MG,2,32
15/2/16,DAMV,2,0,MH,5,10
15/2/16,DAMV,4,0,MH,2,15
15/2/16,DAMV,5,0,MH,15,17
15/2/16,BAWB,1,0,MH,5,10
15/2/16,BAWB,2,0,MH,2,8
15/2/16,BAWB,3,0,MH,10,12
15/2/16,BAWB,5,0,MH,5,15
15/2/16,DAMV,2,0,MI,2,37
15/2/16,DAMV,4,0,MI,10,24
15/2/16,BAWB,1,0,MI,10,26
15/2/16,BAWB,4,0,MI,5,43
15/2/16,DAMV,3,0,MJ,5,7
15/2/16,DAMV,4,0,MJ,2,4
15/2/16,DAMV,3,0,MK,2,23
15/2/16,DAMV,3,0,ML,2,27
15/2/16,DAMV,4,0,ML,2,25
15/2/16,DAMV,5,0,ML,5,21
15/2/16,BAWB,2,0,ML,2,24
15/2/16,BAWB,5,0,ML,2,19
15/2/16,DAMV,3,0,MM,10,6
15/2/16,DAMV,5,0,MM,2,7
15/2/16,DAMV,3,0,MN,2,49
15/2/16,DAMV,4,0,MN,5,48
15/2/16,DAMV,5,0,MN,2,40
15/2/16,BAWB,3,0,MN,2,29
15/2/16,BAWB,4,0,MN,2,25
15/2/16,BAWB,5,0,MN,2,35
15/2/16,BAWB,3,0,MO,2,5
15/2/16,BAWB,4,0,MP,2,22
15/2/16,BAWB,5,0,MQ,2,18
16/2/16,LANG,1,0,bare,40,
16/2/16,LANG,3,0,bare,40,
16/2/16,LANG,4,0,bare,50,
16/2/16,LANG,5,0,bare,60,
16/2/16,RHYL,1,0,bare,60,
16/2/16,RHYL,2,0,bare,70,
16/2/16,RHYL,3,0,bare,85,
16/2/16,RHYL,5,0,bare,75,
16/2/16,NEWH,1,0,bare,85,
16/2/16,NEWH,4,0,bare,95,
16/2/16,NEWH,5,0,bare,95,
16/2/16,LANG,1,0,grass,20,
16/2/16,LANG,2,0,MR,15,9
16/2/16,LANG,2,0,MS,20,121
16/2/16,LANG,2,0,MT,5,47
16/2/16,LANG,2,0,MU,2,38
16/2/16,LANG,2,0,MV,2,30
16/2/16,LANG,1,0,MV,20,88
16/2/16,LANG,3,0,MV,60,210
16/2/16,LANG,4,0,MV,50,159
16/2/16,LANG,5,0,MV,20,158
16/2/16,LANG,2,0,MW,2,5
16/2/16,LANG,1,0,MW,2,5
16/2/16,LANG,2,0,MX,2,4
16/2/16,LANG,1,0,MY,10,144
16/2/16,LANG,1,0,MZ,10,90
16/2/16,LANG,4,0,NB,2,7
16/2/16,LANG,5,0,NB,20,6
16/2/16,RHYL,1,0,NC,20,117
16/2/16,RHYL,2,0,NC,40,canopy
16/2/16,RHYL,3,0,NC,50,canopy
16/2/16,RHYL,4,0,NC,20,
16/2/16,RHYL,1,0,ND,15,125
16/2/16,RHYL,2,0,ND,10,52
16/2/16,RHYL,4,0,ND,15,116
16/2/16,NEWH,1,0,ND,15,52
16/2/16,NEWH,2,0,ND,5,53
16/2/16,NEWH,3,0,ND,5,46
16/2/16,RHYL,1,0,NE,5,11
16/2/16,RHYL,2,0,NE,5,12
16/2/16,RHYL,4,0,NE,2,23
16/2/16,RHYL,3,0,NF,15,39
16/2/16,RHYL,4,0,NF,5,28
16/2/16,RHYL,5,0,NF,25,34
16/2/16,NEWH,4,0,NF,2,4
16/2/16,NEWH,5,0,NF,5,6
16/2/16,RHYL,4,0,NG,5,1
16/2/16,NEWH,4,0,NH,5,2
16/2/16,NEWH,2,0,AV,80,200
16/2/16,NEWH,3,0,AV,70,153
17/2/16,SEAF,4,0,bare,10,
17/2/16,SEAF,5,0,bare,40,
17/2/16,BONE,1,0,NM,10,110
17/2/16,BONE,3,0,NM,70,118
17/2/16,BONE,4,0,NM,60,100
17/2/16,BONE,1,0,NN,5,60
17/2/16,BONE,2,0,NO,60,107
17/2/16,BONE,2,0,NP,5,59
17/2/16,BONE,4,0,NR,10,118
17/2/16,BONE,4,0,NS,10,57
17/2/16,SEAF,1,0,NS,10,52
17/2/16,SEAF,2,0,NS,5,33
17/2/16,SEAF,3,0,NS,15,20
17/2/16,SEAF,4,0,NS,5,13
17/2/16,SEAF,5,0,NS,5,35
17/2/16,SEAF,1,0,NT,15,17
17/2/16,SEAF,2,0,NT,70,15
17/2/16,SEAF,3,0,NT,40,14
17/2/16,SEAF,4,0,NT,40,26
17/2/16,SEAF,5,0,NT,15,43
17/2/16,SEAF,1,0,NU,5,73
17/2/16,SEAF,2,0,NU,5,35
17/2/16,SEAF,3,0,NV,10,27
17/2/16,SEAF,3,0,NW,5,26
17/2/16,BONE,1,0,AV,85,57
17/2/16,BONE,2,0,AV,40,33
17/2/16,BONE,3,0,AV,15,45
17/2/16,BONE,4,0,AV,5,49
17/2/16,BONE,5,0,AV,40,65
17/2/16,SEAF,1,0,AV,40,111
17/2/16,SEAF,2,0,AV,20,115
17/2/16,SEAF,3,0,AV,20,87
17/2/16,SEAF,4,0,AV,40,81
17/2/16,SEAF,5,0,AV,40,121
17/2/16,BONE,5,0,ZD,60,192
22/2/16,WYND,1,0,FK,2,26
22/2/16,WYND,4,0,FK,2,19
22/2/16,CHAM,5,4,CU,10,23
22/2/16,CHAM,2,0,lemna,2,1
22/2/16,CHAM,1,0,NX,20,125
22/2/16,CHAM,1,0,NY,10,108
22/2/16,WYND,1,0,NY,20,76
22/2/16,WYND,2,0,NY,10,87
22/2/16,WYND,3,0,NY,10,79
22/2/16,WYND,4,0,NY,10,84
22/2/16,WYND,5,0,NY,10,91
22/2/16,CHAM,1,0,NZ,10,131
22/2/16,CHAM,2,0,NZ,5,40
22/2/16,CHAM,1,0,OA,30,55
22/2/16,CHAM,2,0,OA,20,33
22/2/16,CHAM,3,2,OA,15,47
22/2/16,CHAM,4,2,OA,10,30
22/2/16,WYND,1,0,OA,40,28
22/2/16,WYND,2,0,OA,70,23
22/2/16,WYND,3,0,OA,60,19
22/2/16,WYND,4,0,OA,30,21
22/2/16,WYND,5,0,OA,80,18
22/2/16,CHAM,1,0,OB,20,250
22/2/16,CHAM,1,0,OC,10,140
22/2/16,CHAM,4,2,OC,10,43
22/2/16,CHAM,2,0,OD,80,41
22/2/16,CHAM,3,2,OD,25,30
22/2/16,CHAM,4,2,OD,80,42
22/2/16,CHAM,5,4,OD,60,28
22/2/16,CHAM,3,2,OE,10,67
22/2/16,CHAM,5,4,OE,30,67
22/2/16,CHAM,3,2,OF,50,77
22/2/16,CHAM,4,2,OG,10,45
22/2/16,CHAM,5,4,OG,5,45
22/2/16,WYND,1,0,OH,10,57
22/2/16,WYND,2,0,OH,10,56
22/2/16,WYND,3,0,OH,5,54
22/2/16,WYND,1,0,OI,30,24
22/2/16,WYND,2,0,OI,10,41
22/2/16,WYND,3,0,OI,40,41
22/2/16,WYND,4,0,OI,15,38
22/2/16,WYND,4,0,OJ,10,27
22/2/16,WYND,5,0,OJ,5,27
22/2/16,WYND,4,0,OK,30,32
22/2/16,WYND,5,0,OL,5,70